{"cameraMode":{"drawMode":0,"name":"Shaded","section":"Shading Mode"},"sceneLighting":false,"audioPlay":false,"sceneViewState":{"m_AlwaysRefresh":false,"showFog":true,"showSkybox":false,"showFlares":true,"showImageEffects":true,"showParticleSystems":true,"showVisualEffectGraphs":true,"m_FxEnabled":true},"in2DMode":false,"pivot":{"x":-0.7200469970703125,"y":0.21732355654239655,"z":0.3562740385532379},"rotation":{"x":0.035577092319726947,"y":-0.698945939540863,"z":0.037009354680776599,"w":0.7140533328056336},"size":0.9440370202064514,"orthographic":false}