{"cameraMode":{"drawMode":0,"name":"Shaded","section":"Shading Mode"},"sceneLighting":false,"audioPlay":false,"sceneViewState":{"m_AlwaysRefresh":false,"showFog":true,"showSkybox":false,"showFlares":true,"showImageEffects":true,"showParticleSystems":true,"showVisualEffectGraphs":true,"m_FxEnabled":true},"in2DMode":false,"pivot":{"x":-30.115238189697267,"y":4.548478126525879,"z":-33.95555877685547},"rotation":{"x":0.21942903101444245,"y":-0.09623733907938004,"z":0.02224830724298954,"w":0.9709625244140625},"size":3.9076759815216066,"orthographic":false}